authority,fetched,agent_names,applicant_names,with_docs_url,trees_pct,latest_scrape,sample_agent
Barking and Dagenham,35,0,0,0,0,2026-07-06,
Barnet,100,0,0,99,21,2026-09-26,
Bexley,100,0,0,100,14,2026-09-25,
Brent,100,0,0,98,2,2026-09-26,
Bromley,100,0,0,0,24,2026-09-25,
Camden,100,0,0,100,44,2026-09-26,
City of London (as 'City'),100,0,0,100,1,2026-09-25,
City of Westminster (as 'Westminster'),100,0,0,99,4,2026-09-25,
Croydon,100,0,0,99,19,2026-09-26,
Ealing,100,0,0,93,56,2026-09-25,
Enfield,100,86,0,100,12,2026-09-26,Redwoods Projects
Greenwich,100,72,0,99,21,2026-09-26,Trees Uk
Hackney,7,0,0,0,0,2026-07-09,
Hammersmith and Fulham,100,0,0,100,27,2026-09-27,
Haringey,100,0,0,0,37,2026-09-26,
Harrow,9,0,0,0,0,2026-07-03,
Havering,100,0,0,100,9,2026-09-26,
Hillingdon,100,0,0,100,10,2026-09-28,
Hounslow,100,0,0,100,25,2026-09-26,
Islington,100,0,0,0,31,2026-09-27,
Kensington and Chelsea (as 'Kensington'),84,0,0,84,0,2026-08-02,
Kingston upon Thames (as 'Kingston'),100,1,0,97,29,2026-09-26,RDK Civil Engineering Limited
Lambeth,100,83,0,97,12,2026-09-27,Formation design and build
Lewisham,100,76,0,76,17,2026-09-27,Treefirst
Merton,5,0,0,0,20,2026-07-05,
Newham,100,78,0,97,0,2026-09-28,Devonshires
Redbridge,100,0,0,0,13,2026-09-26,
Richmond upon Thames (as 'Richmond'),100,0,0,0,24,2026-09-26,
Southwark,100,76,0,99,29,2026-09-26,Cut Above Tree Management Ltd
Sutton,100,71,0,100,4,2026-09-26,Star Design Solutions Ltd
Tower Hamlets,100,73,0,99,12,2026-09-26,Cowan Architects Ltd
Waltham Forest,11,0,0,0,9,2026-07-03,
Wandsworth,100,0,0,100,25,2026-09-26,
